{
  "Id": 68541,
  "Title": "Introduction to Azure Virtual Networks",
  "UID": "learn.wwl.introduction-to-azure-virtual-networks",
  "Units": [
    {
      "Title": "1-Introduction",
      "FileName": "1-introduction",
      "UID": "introduction"
    },
    {
      "Title": "2-Build a private network with Azure Virtual Networks",
      "FileName": "2-build-private-network",
      "UID": "build-private-network"
    },
    {
      "Title": "3-Configure public and private IP services",
      "FileName": "3-configure-public-private-ip-services",
      "UID": "configure-public-private-ip-services"
    },
    {
      "Title": "4-Exercise: design and implement a Virtual Network in Azure",
      "FileName": "4-exercise-design-implement-virtual-network-azure",
      "UID": "exercise-design-implement-virtual-network-azure"
    },
    {
      "Title": "5-Design name resolution for your Virtual Network",
      "FileName": "5-design-name-resolution-for-your-virtual-network",
      "UID": "design-name-resolution-for-your-virtual-network"
    },
    {
      "Title": "6-Exercise: configure DNS settings in Azure",
      "FileName": "6-exercise-configure-dns-settings-azure",
      "UID": "exercise-configure-dns-settings-azure"
    },
    {
      "Title": "7-Enable Cross-VNet connectivity with peering",
      "FileName": "7-enable-cross-vnet-connectivity-peering",
      "UID": "enable-cross-vnet-connectivity-peering"
    },
    {
      "Title": "8-Exercise: connect two Azure Virtual Networks using global virtual network peering",
      "FileName": "8-exercise-connect-two-using-global-virtual-network-peering",
      "UID": "exercise-connect-two-using-global-virtual-network-peering"
    },
    {
      "Title": "9-Implement virtual network traffic routing",
      "FileName": "9-implement-virtual-network-traffic-routing",
      "UID": "implement-virtual-network-traffic-routing"
    },
    {
      "Title": "10-Configure internet access with Azure Virtual NAT",
      "FileName": "10-configure-internet-access-nat",
      "UID": "configure-internet-access-nat"
    },
    {
      "Title": "11-Knowledge check",
      "FileName": "11-knowledge-check",
      "UID": "knowledge-check"
    },
    {
      "Title": "12-Summary",
      "FileName": "12-summary",
      "UID": "summary"
    }
  ],
  "ModuleFolder": "introduction-to-azure-virtual-networks",
  "Url": "https://dev.azure.com/microsoftdigitallearning/_apis/wit/workItems/68541",
  "Repository": "learn-pr"
}